Date,Open,High,Low,Close,Volume
2024-09-18 00:00:00+05:30,1457.413766699014,1469.3110219373734,1448.0447266088618,1450.9197998046875,8574714
2024-09-19 00:00:00+05:30,1453.6959512825117,1463.8581906691413,1443.0876132109174,1457.0916748046875,16955902
2024-09-20 00:00:00+05:30,1461.3795684407844,1482.1997658201985,1458.7770437683578,1473.2025146484375,30897320
2024-09-23 00:00:00+05:30,1478.2340798324108,1488.6441789861601,1476.2015834923338,1480.5887451171875,8832314
2024-09-24 00:00:00+05:30,1475.7554165819738,1487.6526722077606,1475.1357678514642,1476.6229248046875,17137444
2024-09-25 00:00:00+05:30,1471.1948125268714,1483.6869066134093,1467.5264194610884,1481.15869140625,7069002
2024-09-26 00:00:00+05:30,1477.8870868947113,1491.122760061236,1475.309372285805,1485.12451171875,18818998
2024-09-27 00:00:00+05:30,1486.1655345930462,1520.345334807694,1479.2254687210307,1513.10791015625,20597478
2024-09-30 00:00:00+05:30,1506.3908994638518,1511.9181178232873,1461.7761901136828,1463.9324951171875,27008814
2024-10-01 00:00:00+05:30,1467.9726595996829,1475.2100841908111,1450.3002051077794,1452.2830810546875,16431642
2024-10-03 00:00:00+05:30,1424.2750076222521,1436.9902726871705,1390.070396353704,1394.928466796875,37757294
2024-10-04 00:00:00+05:30,1391.9046094477658,1405.2145916660443,1369.9442340651563,1374.653564453125,37072876
2024-10-07 00:00:00+05:30,1381.568793209071,1384.5431070803497,1349.7188488374588,1358.98876953125,22181340
2024-10-08 00:00:00+05:30,1361.2194430814652,1389.004514771482,1353.4118695241307,1385.3857421875,17020808
2024-10-09 00:00:00+05:30,1385.5594536683957,1388.979866453412,1360.7486928237201,1362.8306884765625,14310610
2024-10-10 00:00:00+05:30,1368.209166456891,1374.132983939481,1357.699948504806,1359.31103515625,22358646
2024-10-11 00:00:00+05:30,1358.2700551936466,1371.4314188021033,1357.1050671377104,1360.35205078125,7980122
2024-10-14 00:00:00+05:30,1367.6390728953818,1368.2587216327886,1356.5350159311083,1360.7734375,12221432
2024-10-15 00:00:00+05:30,1346.8933067731043,1359.9554295521655,1329.2208521541709,1332.5174560546875,33762794
2024-10-16 00:00:00+05:30,1328.5270030007441,1352.3215164873245,1326.1723376036346,1342.4814453125,20034438
2024-10-17 00:00:00+05:30,1354.0067695283685,1356.7332239102464,1340.4737382347967,1344.811279296875,15543660
2024-10-18 00:00:00+05:30,1340.5976258716714,1356.70849216764,1329.840427555484,1347.66162109375,12082452
2024-10-21 00:00:00+05:30,1355.4197431686716,1362.2358797577067,1346.1002013000875,1357.4769287109375,14067408
2024-10-22 00:00:00+05:30,1357.4767913068545,1364.2186177698431,1328.749900940748,1331.84814453125,15831960
2024-10-23 00:00:00+05:30,1326.048205061888,1345.8521531156357,1323.5696102860716,1327.064453125,17214742
2024-10-24 00:00:00+05:30,1323.8424540123256,1332.1952468902052,1311.7964576126847,1328.3287353515625,22155934
2024-10-25 00:00:00+05:30,1331.996862815434,1332.8395608533488,1310.6809472586556,1316.4808349609375,18597496
2024-10-28 00:00:00+05:30,1325.552505604476,1341.4155124030337,1310.7800563182918,1322.9251708984375,10824350
2024-10-29 00:00:00+05:30,1316.728719636798,1331.6994085045892,1308.995576227512,1328.52685546875,12008361
2024-10-30 00:00:00+05:30,1323.569732267355,1338.4413022928309,1314.0023313459362,1332.3935546875,11984423
2024-10-31 00:00:00+05:30,1328.5269031210519,1331.5012170832633,1314.7955112005386,1320.64501953125,9331650
2024-11-01 00:00:00+05:30,1321.6364480777281,1330.4601492824747,1321.5868277686543,1327.1884765625,2127335
2024-11-04 00:00:00+05:30,1326.3952636738204,1328.52687951389,1274.0969107675833,1291.0009765625,19796890
2024-11-05 00:00:00+05:30,1281.9292880644173,1298.337634786513,1275.1379622128013,1294.1240234375,16267479
2024-11-06 00:00:00+05:30,1298.7837703539942,1316.9271340293028,1289.0676296160968,1314.0023193359375,21625209
2024-11-07 00:00:00+05:30,1312.6639327180499,1312.6639327180499,1291.4471349781516,1294.4710693359375,9611974
2024-11-08 00:00:00+05:30,1286.5394340693545,1290.505185727704,1264.0833410989228,1272.7584228515625,19814406
2024-11-11 00:00:00+05:30,1267.9994654475693,1274.9891511168566,1256.151830843746,1261.802978515625,9056552
2024-11-12 00:00:00+05:30,1264.6287615317467,1278.2610337323058,1256.6476373969983,1263.33984375,10671091
2024-11-13 00:00:00+05:30,1259.374078659472,1264.5295076822267,1238.8017408266169,1241.3299560546875,14633633
2024-11-14 00:00:00+05:30,1242.866693712679,1261.7040163358736,1240.38809863068,1256.746826171875,12612633
2024-11-18 00:00:00+05:30,1256.7467703539512,1262.0014401044657,1233.24973843027,1249.9554443359375,13620611
2024-11-19 00:00:00+05:30,1249.9553610165642,1270.5276979121372,1224.5745744010292,1231.0189208984375,14183746
2024-11-21 00:00:00+05:30,1231.0190296194417,1233.299264427905,1206.8279179645579,1212.5286865234375,19433843
2024-11-22 00:00:00+05:30,1218.8737871048172,1257.9859641270039,1211.983221035894,1254.5655517578125,20471957
2024-11-25 00:00:00+05:30,1278.9549045518283,1293.2811339485756,1271.4694999174592,1275.9805908203125,28923341
2024-11-26 00:00:00+05:30,1283.8626226527838,1286.737817131633,1273.2046638791435,1284.606201171875,9247557
2024-11-27 00:00:00+05:30,1282.4250432843673,1292.6864023015983,1274.9892583407009,1282.1275634765625,9572746
2024-11-28 00:00:00+05:30,1278.905374093644,1285.4984608667178,1258.184417128475,1259.91943359375,15027412
2024-11-29 00:00:00+05:30,1269.0406134614407,1288.3736540571424,1264.3312830599236,1281.1361083984375,13202307
2024-12-02 00:00:00+05:30,1276.9722229086012,1300.1222774340952,1266.1160245478172,1297.941162109375,11024152
2024-12-03 00:00:00+05:30,1305.7237413234882,1315.4398813546288,1295.8093621182986,1311.9698486328125,16869482
2024-12-04 00:00:00+05:30,1314.6467414933138,1317.0262168141671,1292.884726573221,1297.74267578125,19608540
2024-12-05 00:00:00+05:30,1303.0964459866593,1318.5628538088617,1294.966703202915,1310.7305908203125,16858723
2024-12-06 00:00:00+05:30,1312.5646685095264,1312.5646685095264,1298.783657405313,1300.3204345703125,9037514
2024-12-09 00:00:00+05:30,1291.8436769577456,1303.7409326166044,1282.0284168341586,1284.0609130859375,14650002
2024-12-10 00:00:00+05:30,1278.2113501165884,1283.812998621138,1269.238788448007,1273.8489990234375,16043729
2024-12-11 00:00:00+05:30,1273.9978081396894,1278.9549980546296,1265.1244866020038,1267.2559814453125,11724373
2024-12-12 00:00:00+05:30,1259.1262215126183,1267.25596445406,1249.8066803924569,1252.0870361328125,20906813
2024-12-13 00:00:00+05:30,1249.2119494931856,1264.2817595214547,1228.986588963027,1261.951904296875,28630222
2024-12-16 00:00:00+05:30,1264.0835044447913,1270.0321327010022,1255.7059013940218,1257.44091796875,9486781
2024-12-17 00:00:00+05:30,1250.2528426173371,1253.078416496042,1232.1591005022085,1234.6376953125,17462791
2024-12-18 00:00:00+05:30,1230.027558928225,1249.162239402372,1230.027558928225,1242.5196533203125,12670179
2024-12-19 00:00:00+05:30,1228.3916379278016,1234.2411461229626,1218.4772582835096,1219.914794921875,14244653
2024-12-20 00:00:00+05:30,1213.5200660980383,1228.8873545167635,1191.2127119418244,1194.980224609375,20312896
2024-12-23 00:00:00+05:30,1204.5971709809228,1216.6926661807136,1202.8125341694108,1211.834716796875,10052824
2024-12-24 00:00:00+05:30,1211.834663048231,1222.9883400626134,1210.5457452942906,1212.28076171875,6734917
2024-12-26 00:00:00+05:30,1213.767935093776,1217.1883476811242,1203.8535553911518,1206.1339111328125,10016178
2024-12-27 00:00:00+05:30,1207.86900439277,1217.3867853075249,1206.5800865394056,1210.595458984375,7000397
2024-12-30 00:00:00+05:30,1205.9852538075309,1212.7269598518426,1197.756269680847,1200.333984375,8818766
2024-12-31 00:00:00+05:30,1197.6570485426987,1208.6619856280877,1195.8229125326573,1205.043212890625,6405475
2025-01-01 00:00:00+05:30,1204.4483521073844,1215.800389087432,1201.2261788160188,1210.7935791015625,5892590
2025-01-02 00:00:00+05:30,1210.7936258321927,1233.7949384205442,1209.554328364606,1231.167724609375,15486276
2025-01-03 00:00:00+05:30,1233.2498182568117,1251.244443122699,1224.921714407087,1240.437744140625,15521102
2025-01-06 00:00:00+05:30,1243.213556672038,1251.1946805005002,1204.5970973122883,1207.5714111328125,14816766
2025-01-07 00:00:00+05:30,1211.5371275851955,1233.8444805890147,1210.7935491517349,1230.2257080078125,10070505
2025-01-08 00:00:00+05:30,1238.3060678446636,1260.167324257905,1234.6872949225542,1254.664794921875,19346579
2025-01-09 00:00:00+05:30,1256.1518282285128,1258.8782824728921,1237.364128300027,1244.0067138671875,12794704
2025-01-10 00:00:00+05:30,1243.114481097643,1245.9896754309787,1225.4173374439545,1231.266845703125,8120332
2025-01-13 00:00:00+05:30,1219.4687349455062,1234.5881643828388,1215.899582365329,1229.234375,13764861
2025-01-14 00:00:00+05:30,1233.4479678208604,1242.6187691440975,1216.742262047884,1228.143798828125,13095266
2025-01-15 00:00:00+05:30,1234.2905907014622,1246.2374660533972,1231.2171573529768,1241.478515625,9578856
2025-01-16 00:00:00+05:30,1248.1212833322295,1264.0834104275011,1240.586378973141,1255.6065673828125,14117603
2025-01-17 00:00:00+05:30,1310.9288585996749,1314.6467509950228,1273.997794139219,1291.19921875,29366277
2025-01-20 00:00:00+05:30,1304.7324245206253,1304.7324245206253,1289.1172758229052,1294.272705078125,14040244
2025-01-21 00:00:00+05:30,1299.2795231523412,1301.7581181984158,1259.324522599558,1262.7945556640625,14562976
2025-01-22 00:00:00+05:30,1267.3552034506358,1271.9157939003728,1257.83730213362,1266.1654052734375,10273590
2025-01-23 00:00:00+05:30,1259.126173066555,1266.4132176584087,1250.7980702365203,1252.83056640625,8720682
2025-01-24 00:00:00+05:30,1255.1605533566642,1262.1006196074513,1232.8531975505623,1235.6292724609375,14235970
2025-01-27 00:00:00+05:30,1228.4907387555406,1229.8291557820492,1209.5542981292017,1218.82421875,9536019
2025-01-28 00:00:00+05:30,1227.400329601704,1234.0925365684338,1208.0672872533735,1223.8311767578125,10568025
2025-01-29 00:00:00+05:30,1225.4173498520336,1232.1095562529247,1217.53546627882,1224.921630859375,5928156
2025-01-30 00:00:00+05:30,1224.971246456504,1246.237542749693,1221.8481926097397,1242.3214111328125,9269259
2025-01-31 00:00:00+05:30,1245.09738698474,1256.1519448799122,1238.306060895825,1254.2681884765625,6584612
2025-02-01 00:00:00+05:30,1254.2681799336815,1259.6715896071485,1230.374548522757,1253.7724609375,7118453
2025-02-03 00:00:00+05:30,1240.2889757645512,1245.2461659154887,1226.9541826685895,1235.232666015625,9252345
2025-02-04 00:00:00+05:30,1237.3642207434832,1277.7653184740125,1235.9265630557768,1274.196044921875,16691069
2025-02-05 00:00:00+05:30,1271.6679530846961,1279.4507170461238,1265.7688244708304,1267.2559814453125,10112028
2025-02-06 00:00:00+05:30,1262.7945076095025,1276.9721191435924,1259.4732145791813,1270.577392578125,9956001
2025-02-07 00:00:00+05:30,1265.2236540965398,1272.7089385364054,1251.1947819010975,1255.8544921875,8764283
2025-02-10 00:00:00+05:30,1253.673337746878,1255.6562137259161,1234.8856362555493,1242.916259765625,6970972
2025-02-11 00:00:00+05:30,1253.7230036544372,1253.7230036544372,1219.567891058193,1224.2772216796875,8859714
2025-02-12 00:00:00+05:30,1209.0089844264594,1216.3952699200001,1183.1324776076385,1206.1339111328125,21131654
2025-02-13 00:00:00+05:30,1206.629682868639,1217.4858807075602,1201.622872489872,1205.687744140625,8511216
2025-02-14 00:00:00+05:30,1208.56289732395,1213.5200872227356,1195.1288642881832,1206.827880859375,10298145
2025-02-17 00:00:00+05:30,1200.7304615718228,1216.9900679473901,1194.1869953911457,1214.412353515625,8166683
2025-02-18 00:00:00+05:30,1214.362863790828,1219.3696743222742,1205.6877809072391,1214.908203125,6673250
2025-02-19 00:00:00+05:30,1209.0586678925579,1222.1952216847485,1207.125412159616,1216.9405517578125,6217338
2025-02-20 00:00:00+05:30,1213.4704313005311,1228.738599945727,1211.5371757067999,1222.4429931640625,7795582
2025-02-21 00:00:00+05:30,1218.1797397323817,1229.3830367840985,1211.6858938870325,1217.634521484375,6904025
2025-02-24 00:00:00+05:30,1206.1338768607443,1212.7764626626977,1200.1356289010387,1204.1510009765625,7172498
2025-02-25 00:00:00+05:30,1200.6313497853835,1210.5457292220917,1191.2126893205104,1193.6912841796875,11552182
2025-02-27 00:00:00+05:30,1202.416039651657,1204.597154814102,1190.370043898487,1196.7647705078125,11509215
2025-02-28 00:00:00+05:30,1191.7084634163882,1206.9270123506615,1183.0830013175257,1189.82470703125,23007298
2025-03-03 00:00:00+05:30,1193.6912720117396,1196.1202465389174,1146.1022512006402,1161.2216796875,17944938
2025-03-04 00:00:00+05:30,1152.2491409974891,1163.948157257321,1149.6219272411693,1151.9517822265625,11377373
2025-03-05 00:00:00+05:30,1151.0595745918054,1172.8712116641736,1147.0938223968292,1165.5345458984375,8664095
2025-03-06 00:00:00+05:30,1186.75131332057,1203.5561393973805,1175.002796955133,1199.243408203125,14468014
2025-03-07 00:00:00+05:30,1205.5885908312287,1244.0564330934674,1201.622838887705,1239.0992431640625,16474965
2025-03-10 00:00:00+05:30,1234.3402190424754,1247.2289120927182,1224.8224391488623,1227.7967529296875,11931051
2025-03-11 00:00:00+05:30,1229.3830600118497,1238.801720552263,1219.2208210077197,1236.62060546875,10089838
2025-03-12 00:00:00+05:30,1247.2289270068015,1252.1861167007874,1233.3487958636417,1246.287109375,11977555
2025-03-13 00:00:00+05:30,1249.2615727756533,1253.326444606414,1233.2002036288977,1237.215576171875,9505270
2025-03-17 00:00:00+05:30,1231.5145912773855,1246.6340190017775,1222.5420300210542,1228.2427978515625,16640917
2025-03-18 00:00:00+05:30,1228.2427978515625,1228.2427978515625,1228.2427978515625,1228.2427978515625,0
2025-03-19 00:00:00+05:30,1230.4241762433128,1242.5196714129374,1228.1934407470596,1236.471923828125,16162399
2025-03-20 00:00:00+05:30,1241.1316434245866,1262.1005814534499,1239.347127629136,1258.2835693359375,15971477
2025-03-21 00:00:00+05:30,1264.0833359554676,1270.0319634187874,1259.2252659887295,1265.4217529296875,21780769
2025-03-24 00:00:00+05:30,1279.9463572168718,1294.8179260458828,1273.254151243817,1290.9512939453125,20299319
2025-03-25 00:00:00+05:30,1296.50346593687,1296.50346593687,1271.6183955406093,1274.4439697265625,13713899
2025-03-26 00:00:00+05:30,1279.9464094999762,1282.7224842048433,1257.8869148358597,1262.150146484375,12074747
2025-03-27 00:00:00+05:30,1267.2064821612498,1273.9978081396894,1260.4151561828103,1267.2559814453125,15028056
2025-03-28 00:00:00+05:30,1269.0405652360093,1284.6557128160619,1258.1347478785124,1264.1824951171875,18147129
2025-04-01 00:00:00+05:30,1253.7723771839194,1266.9585500115554,1238.603449529153,1241.8751220703125,12099648
2025-04-02 00:00:00+05:30,1236.8685913550723,1244.8000957785905,1233.2498182568117,1240.437744140625,10142590
2025-04-03 00:00:00+05:30,1222.4927580494818,1241.08222182284,1222.4927580494818,1238.0086669921875,7434366
2025-04-04 00:00:00+05:30,1230.473619610667,1234.7863505024063,1182.9342181609516,1194.38525390625,17908652
2025-04-07 00:00:00+05:30,1122.5059464290011,1161.2216449878495,1105.304523000697,1155.7191162109375,22156106
2025-04-08 00:00:00+05:30,1161.9653833278503,1186.3547349162204,1153.3399207865864,1172.0780029296875,19555040
2025-04-09 00:00:00+05:30,1159.4867811653644,1179.613021672609,1157.9996241138485,1175.2010498046875,10223104
2025-04-11 00:00:00+05:30,1184.917153801556,1212.1816988912137,1184.917153801556,1208.5133056640625,11224242
2025-04-15 00:00:00+05:30,1240.288998738938,1240.288998738938,1226.5079856590305,1229.4822998046875,13378535
2025-04-16 00:00:00+05:30,1223.5336585713449,1230.2754856402491,1218.477348782242,1228.689208984375,8248464
2025-04-17 00:00:00+05:30,1229.5813957339365,1269.238916912585,1217.0893007676923,1263.5877685546875,15398401
2025-04-21 00:00:00+05:30,1259.126169726638,1289.7616259352505,1256.1518559398821,1284.4078369140625,10429964
2025-04-22 00:00:00+05:30,1288.8694787336528,1292.7361113748846,1275.2868257139828,1280.144775390625,13051707
2025-04-23 00:00:00+05:30,1285.8950708007812,1294.8180126953125,1274.3944143417477,1288.869384765625,10480888
2025-04-24 00:00:00+05:30,1281.3345072026398,1293.3308829080645,1279.2525115884996,1290.4556884765625,10468940
2025-04-25 00:00:00+05:30,1292.3394247863746,1313.85358083958,1277.071255478384,1289.2659912109375,14431012
2025-04-28 00:00:00+05:30,1328.5269802313521,1362.8307123815491,1308.8964585313056,1357.0804443359375,31104496
2025-04-29 00:00:00+05:30,1359.2614765022709,1398.8198762816546,1358.2700385179512,1387.7156982421875,32538970
2025-04-30 00:00:00+05:30,1389.9960230274132,1400.3070020394923,1357.2785702742715,1392.9703369140625,25480745
2025-05-02 00:00:00+05:30,1401.8932881277126,1414.4845019236116,1397.0352178747166,1407.6436767578125,13007841
2025-05-05 00:00:00+05:30,1418.747808269532,1427.1750314493302,1414.6829365878357,1419.0452880859375,12685649
2025-05-06 00:00:00+05:30,1418.7477523435755,1419.7391903256466,1398.5223933042987,1408.7342529296875,14084117
2025-05-07 00:00:00+05:30,1408.7342420156256,1412.2042749259901,1390.6899982666434,1393.9617919921875,13440169
2025-05-08 00:00:00+05:30,1392.0780527042998,1408.6351396947061,1386.030305191398,1394.9532470703125,16106175
2025-05-09 00:00:00+05:30,1373.637308764333,1382.8577303043132,1362.731491083779,1365.4083251953125,13668904
2025-05-12 00:00:00+05:30,1388.013077711669,1426.6791563050656,1388.013077711669,1424.2005615234375,10674081
2025-05-13 00:00:00+05:30,1421.226256646525,1435.304626683893,1400.3069407641844,1403.57861328125,11407896
2025-05-14 00:00:00+05:30,1407.8419941921477,1417.6572548355593,1403.3805230837922,1412.204345703125,5570160
2025-05-15 00:00:00+05:30,1412.7992032271827,1448.8875719918406,1400.6044669576877,1441.7491455078125,20177211
2025-05-16 00:00:00+05:30,1440.757623701411,1448.4908883531898,1434.9082364412498,1443.9302978515625,9036695
2025-05-19 00:00:00+05:30,1439.667043567546,1442.1456384779733,1425.886031660542,1428.4638671875,6195791
2025-05-20 00:00:00+05:30,1425.88599760598,1432.6278240113834,1409.6265122020175,1412.4024658203125,11270560
2025-05-21 00:00:00+05:30,1411.708464386899,1423.9030780659657,1405.9580760983038,1416.9630126953125,6136364
2025-05-22 00:00:00+05:30,1409.031659643212,1411.6094953044076,1384.9397884743898,1397.332763671875,12134466
2025-05-23 00:00:00+05:30,1394.5567410207764,1421.5239286750705,1394.5567410207764,1414.5838623046875,6474883
2025-05-26 00:00:00+05:30,1419.7391840414937,1428.6621258406371,1412.898237790455,1422.5152587890625,4842944
2025-05-27 00:00:00+05:30,1413.8897021801247,1424.696400543767,1401.794207036506,1409.9239501953125,12640414
2025-05-28 00:00:00+05:30,1407.9411620533203,1410.4197571984832,1398.621620102477,1400.8028564453125,5944611
2025-05-29 00:00:00+05:30,1400.0096192804465,1407.842003929875,1396.5395861721686,1405.660888671875,13771917
2025-05-30 00:00:00+05:30,1405.8590585766528,1418.3511529457182,1397.6300749154059,1408.7342529296875,13788484
2025-06-02 00:00:00+05:30,1400.0095486308933,1405.3633379328091,1383.650821945961,1401.5958251953125,8098668
2025-06-03 00:00:00+05:30,1410.1222707307113,1414.2862617875367,1391.3840689247124,1393.466064453125,11252626
2025-06-04 00:00:00+05:30,1402.5871874772963,1413.493004678654,1394.0608455067168,1411.3118896484375,8126827
2025-06-05 00:00:00+05:30,1415.7734397380668,1442.244785474372,1411.4110884077945,1430.0501708984375,13716817
2025-06-06 00:00:00+05:30,1428.6620302216834,1439.0721282906131,1424.6962785763767,1431.140625,8182161
2025-06-09 00:00:00+05:30,1444.5251287223314,1445.0208477095387,1432.9253528317358,1436.3953857421875,7885125
2025-06-10 00:00:00+05:30,1437.5850079496329,1441.4516401070769,1423.704876838395,1426.1834716796875,7913181
2025-06-11 00:00:00+05:30,1433.4210733170682,1456.0257865422643,1430.7441181682645,1436.4945068359375,8195700
2025-06-12 00:00:00+05:30,1441.055094094315,1444.5251270006308,1422.1186530105915,1429.2569580078125,8828114
2025-06-13 00:00:00+05:30,1411.8076840776937,1423.2092208521976,1402.1907840779525,1415.67431640625,9757276
2025-06-16 00:00:00+05:30,1414.6828043278585,1430.050092219024,1412.204209506703,1425.489501953125,8458093
2025-06-17 00:00:00+05:30,1435.602128554236,1435.602128554236,1413.5922548276174,1418.9459228515625,10366599
2025-06-18 00:00:00+05:30,1417.7563491543892,1430.4468040463896,1413.4931173168031,1417.85546875,6681735
2025-06-19 00:00:00+05:30,1417.8554020854735,1427.5715425014369,1413.4930508573852,1421.028076171875,10007230
2025-06-20 00:00:00+05:30,1418.7477927518771,1458.4053131642288,1415.8725983169522,1453.6463623046875,29010635
2025-06-23 00:00:00+05:30,1440.5593915455418,1451.266970188698,1429.6535737155343,1444.326904296875,5989078
2025-06-24 00:00:00+05:30,1452.4565437947847,1462.3709229333156,1430.7440292763747,1438.378173828125,16402744
2025-06-25 00:00:00+05:30,1451.4652666586912,1459.7933702625824,1447.9952335758323,1454.737060546875,7525851
2025-06-26 00:00:00+05:30,1456.5214458748073,1485.9672251547677,1452.55569413543,1482.4971923828125,14657893
2025-06-27 00:00:00+05:30,1486.5620421012081,1508.9685148979506,1484.0834473001275,1502.425048828125,11117052
2025-06-30 00:00:00+05:30,1500.838885203447,1511.7447031481738,1483.191240482831,1487.7518310546875,8409527
2025-07-01 00:00:00+05:30,1487.7518183386467,1518.2881567329412,1487.256099345396,1515.3138427734375,10368523
2025-07-02 00:00:00+05:30,1515.3139235508756,1516.9002002088087,1495.7825215605471,1505.796142578125,6361002
2025-07-03 00:00:00+05:30,1507.7788792727886,1518.783816287235,1500.0456148706696,1504.8045654296875,11283291
2025-07-04 00:00:00+05:30,1510.9515946827762,1516.900223008299,1504.2097675037892,1514.223388671875,6603501
2025-07-07 00:00:00+05:30,1513.5291857359532,1531.5734294639212,1511.9429091838053,1528.3016357421875,7251074
2025-07-08 00:00:00+05:30,1522.8487819842126,1531.6726044702705,1517.0983931213486,1524.43505859375,7171261
2025-07-09 00:00:00+05:30,1523.5426661942138,1537.7202774459709,1497.1704406377573,1505.9942626953125,8870660
2025-07-10 00:00:00+05:30,1506.688311848956,1511.6455019531181,1494.5928164048603,1504.209716796875,10047129
2025-07-11 00:00:00+05:30,1499.0542783474266,1502.0285923917668,1477.540121836759,1482.3980712890625,7234991
2025-07-14 00:00:00+05:30,1479.4236826617216,1487.1569471972039,1466.4358695278945,1470.9964599609375,10311846
2025-07-15 00:00:00+05:30,1473.4750846086956,1483.6869442622558,1469.7076928815193,1472.6820068359375,8132454
2025-07-16 00:00:00+05:30,1460.388154594461,1478.234038357326,1458.9009976142222,1472.8802490234375,10409983
2025-07-17 00:00:00+05:30,1474.6648507992907,1476.845965908467,1461.2804382949055,1463.759033203125,11854613
2025-07-18 00:00:00+05:30,1472.0871292027396,1472.0871292027396,1456.521480639079,1463.3624267578125,10296318
2025-07-21 00:00:00+05:30,1452.4566531183941,1463.362470991638,1410.9153771961905,1416.3682861328125,22442744
2025-07-22 00:00:00+05:30,1415.178583447059,1419.640054314783,1398.6214967228645,1400.70361328125,20396320
2025-07-23 00:00:00+05:30,1413.7905031420296,1413.7905031420296,1402.2898472373465,1412.4024658203125,8354596
2025-07-24 00:00:00+05:30,1407.0486714179167,1410.8161839876018,1384.0473596954969,1390.8883056640625,14740507
2025-07-25 00:00:00+05:30,1386.9226057137396,1389.0046012536307,1372.2492752918665,1379.7841796875,11854722
2025-07-28 00:00:00+05:30,1380.379191620021,1395.746480796028,1373.1416457270684,1375.7193603515625,7748361
2025-07-29 00:00:00+05:30,1371.1587845273314,1408.0402305383973,1371.1587845273314,1404.966796875,10750072
2025-07-30 00:00:00+05:30,1405.9582375902166,1411.1137879299629,1389.3021514025702,1398.0267333984375,7209849
2025-07-31 00:00:00+05:30,1376.215001569177,1390.5908519212596,1370.365493427784,1378.2969970703125,17065827
2025-08-01 00:00:00+05:30,1375.025384070285,1393.8627060383,1372.4476694796913,1381.76708984375,10321171
2025-08-04 00:00:00+05:30,1383.155066191865,1403.975263237478,1379.7841529413568,1399.4146728515625,6312820
2025-08-05 00:00:00+05:30,1398.918980991344,1398.918980991344,1376.2150271869518,1379.7841796875,9315972
2025-08-06 00:00:00+05:30,1379.9825595355662,1383.9483114870873,1371.456217044825,1380.8748779296875,5834312
2025-08-07 00:00:00+05:30,1375.818389126872,1381.7670168023217,1354.3042341107182,1377.50390625,9976705
2025-08-08 00:00:00+05:30,1373.1415514013454,1385.2370458989403,1353.312792536344,1356.0888671875,8793606
2025-08-11 00:00:00+05:30,1358.2700517359046,1376.1159356273254,1349.5453489789295,1374.331298828125,9997486
2025-08-12 00:00:00+05:30,1370.0682117041065,1389.8969719255274,1363.4255044148417,1368.5810546875,12244664
2025-08-13 00:00:00+05:30,1376.115874093997,1379.8833867126677,1365.7057756228248,1370.7620849609375,7457021
2025-08-14 00:00:00+05:30,1370.961308962897,1374.3455639562076,1363.794372575189,1367.4774169921875,7126128
2025-08-18 00:00:00+05:30,1383.602791829514,1388.4802648218374,1370.6626218339861,1375.3409423828125,11785109
2025-08-19 00:00:00+05:30,1383.6027633741608,1414.460091190419,1382.7068811681168,1413.564208984375,14384719
2025-08-20 00:00:00+05:30,1406.4969482421875,1418.342205158243,1403.510755146132,1406.4969482421875,8725641
2025-08-21 00:00:00+05:30,1418.4417067156319,1425.3099750709036,1413.7633861810953,1418.24267578125,11021323
2025-08-22 00:00:00+05:30,1413.464698965694,1416.84907536351,1401.4204113959267,1402.71435546875,5818868
2025-08-25 00:00:00+05:30,1408.1890657335161,1412.9670232567023,1399.230486508923,1406.0987548828125,5979407
2025-08-26 00:00:00+05:30,1401.519906786198,1403.5107021083375,1375.241384232256,1378.5262451171875,12145259
2025-08-28 00:00:00+05:30,1383.50331940736,1385.7926612650012,1360.2109883890075,1379.521728515625,13161813
2025-08-29 00:00:00+05:30,1374.7437651325777,1397.0406983353935,1343.7869203796088,1350.9537353515625,18758842
2025-09-01 00:00:00+05:30,1349.759256141992,1356.9260708455383,1334.430107544873,1347.6689453125,11232238
2025-09-02 00:00:00+05:30,1348.5648331807902,1378.128095842481,1348.2661652716795,1360.2109375,11517006
2025-09-03 00:00:00+05:30,1363.3961593284287,1370.1649121838109,1354.2385492379765,1366.2828369140625,7847563
2025-09-04 00:00:00+05:30,1365.4865379446771,1367.6763641601647,1350.8541196588233,1353.0440673828125,13223177
2025-09-05 00:00:00+05:30,1356.7271022727273,1374.6442613636364,1353.0441792852228,1368.671875,5777575
2025-09-08 00:00:00+05:30,1373.6488583038629,1379.6212446443146,1366.0838599076599,1372.15576171875,6986720
2025-09-09 00:00:00+05:30,1370.2643943031567,1374.843199236951,1362.4007284883235,1369.8662109375,9754452
2025-09-10 00:00:00+05:30,1377.5308659113482,1382.1096709119122,1367.7759200987732,1370.66259765625,7790815
2025-09-11 00:00:00+05:30,1369.6672638548873,1379.1235422027225,1368.6718661340626,1376.9337158203125,9766072
2025-09-12 00:00:00+05:30,1376.9337291414593,1389.873899637371,1374.146566892781,1388.579833984375,7403368
2025-09-15 00:00:00+05:30,1386.5889315301856,1394.3530818320328,1382.2091575524387,1392.8599853515625,5396697
2025-09-16 00:00:00+05:30,1398.2350616507645,1401.5199225726963,1391.7649767809332,1398.8323974609375,8686961
2025-09-17 00:00:00+05:30,1400.5245819104894,1409.6821922648512,1400.4250664409112,1407.2933349609375,7519417
2025-09-18 00:00:00+05:30,1413.8628424954393,1415.4554544293837,1404.2074124117412,1408.4876708984375,9332642
2025-09-19 00:00:00+05:30,1408.3882121473878,1410.4785229891424,1397.1401696768169,1400.9227294921875,13461373
2025-09-22 00:00:00+05:30,1397.4387885526373,1404.2074196840813,1381.6119415772491,1384.199951171875,7757970
2025-09-23 00:00:00+05:30,1384.5982372618869,1388.5798281670254,1370.4636381520502,1383.40380859375,14014702
2025-09-24 00:00:00+05:30,1378.9244730635044,1389.5751797778832,1374.0470000648747,1376.635009765625,5922759
2025-09-25 00:00:00+05:30,1374.942926360271,1378.128150477363,1362.6994857374575,1366.0838623046875,11411143
2025-09-26 00:00:00+05:30,1365.685684712474,1376.3363918134596,1359.7132983361805,1371.2598876953125,9879109
2025-09-29 00:00:00+05:30,1375.2413599514077,1382.6073268149732,1361.7039763015719,1366.48193359375,14231999
2025-09-30 00:00:00+05:30,1370.7620971908361,1370.7620971908361,1356.5279835173724,1357.722412109375,14604684
2025-10-01 00:00:00+05:30,1360.7086293823172,1372.255218175594,1356.4283707523282,1362.4007568359375,12045916
2025-10-03 00:00:00+05:30,1356.926091696157,1365.287456651113,1350.6551591113212,1357.125244140625,12842347
2025-10-06 00:00:00+05:30,1353.740909090909,1371.0608538471567,1352.7455113636363,1368.671875,12396580
2025-10-07 00:00:00+05:30,1369.667209612737,1389.47564777439,1369.5676941462978,1378.4267578125,11244040
2025-10-08 00:00:00+05:30,1378.426755451918,1382.6073771032557,1358.2201339506064,1361.1068115234375,8525081
2025-10-09 00:00:00+05:30,1367.676424553763,1373.6488106871855,1362.7989515764332,1371.458984375,8826633
2025-10-10 00:00:00+05:30,1371.45898859096,1381.6119964455866,1368.7713419175536,1375.3409423828125,6373084
2025-10-13 00:00:00+05:30,1370.5631549835205,1371.3594002602317,1361.505059967041,1368.671875,7600682
2025-10-14 00:00:00+05:30,1373.6488553790207,1381.612037149334,1363.7943936365562,1369.5677490234375,9768174
2025-10-15 00:00:00+05:30,1376.6350089791804,1377.6304066718624,1366.382364141153,1367.97509765625,10882743
2025-10-16 00:00:00+05:30,1368.7713249510273,1394.0544503152107,1368.671809484766,1391.8646240234375,12315932
2025-10-17 00:00:00+05:30,1394.5522084059296,1416.7496262080865,1392.6609284325848,1410.279541015625,19335561
2025-10-20 00:00:00+05:30,1433.3726108781723,1467.0170999313523,1426.7034952504036,1460.04931640625,24721978
2025-10-21 00:00:00+05:30,1461.2438272093502,1467.2162134241023,1453.2806455896807,1458.4566650390625,2066169
2025-10-23 00:00:00+05:30,1468.2115624957596,1476.0752283864208,1437.9514490416038,1441.7340087890625,18707090
2025-10-24 00:00:00+05:30,1443.3266994671071,1453.0816457634617,1434.3681199531734,1444.9193115234375,9700837
2025-10-27 00:00:00+05:30,1456.266786847925,1478.16553552233,1451.289798512833,1477.2696533203125,14113867
2025-10-28 00:00:00+05:30,1477.26972256393,1485.1333888036675,1470.79963742504,1480.056884765625,17631577
2025-10-29 00:00:00+05:30,1483.1425015536738,1501.3583271895798,1481.2512217130793,1497.277099609375,11884745
2025-10-30 00:00:00+05:30,1493.0964871305005,1496.1821955688695,1477.1701246011085,1481.6494140625,9318663
2025-10-31 00:00:00+05:30,1483.540795005222,1490.6080945575152,1475.4780977270138,1479.5592041015625,8758053
2025-11-03 00:00:00+05:30,1479.1610089962214,1488.1195884585134,1472.4918928888083,1477.866943359375,8452085
2025-11-04 00:00:00+05:30,1477.07065615293,1485.9297198935935,1463.334119430687,1466.3203125,10007806
2025-11-06 00:00:00+05:30,1477.1701896475465,1494.6891648996161,1469.406038969176,1489.2144775390625,16772678
2025-11-07 00:00:00+05:30,1487.7213309001133,1491.5038906434634,1469.1074431042953,1471.19775390625,7821765
2025-11-10 00:00:00+05:30,1471.0982430243503,1494.0919049344996,1468.7092643110286,1482.44580078125,7068438
2025-11-11 00:00:00+05:30,1490.1103850249956,1491.9021495222175,1473.3876547459602,1486.5269775390625,7127506
2025-11-12 00:00:00+05:30,1498.0734942427068,1517.6827797499902,1493.0965058897411,1504.5435791015625,12384459
2025-11-13 00:00:00+05:30,1508.0275174062697,1515.0948167835015,1499.8653048593553,1503.9464111328125,7196443
2025-11-14 00:00:00+05:30,1498.5711928131457,1513.900341239272,1498.5711928131457,1511.9095458984375,7682823
2025-11-17 00:00:00+05:30,1513.900387650411,1516.6874283079178,1504.5436249599409,1511.3123779296875,5871416
2025-11-18 00:00:00+05:30,1514.696568271851,1520.7685911952462,1503.5481631005248,1512.4072265625,11045042
2025-11-19 00:00:00+05:30,1510.4164493928117,1515.2939222795571,1505.0412776708577,1511.9095458984375,5692366
2025-11-20 00:00:00+05:30,1522.9585089376258,1543.7623455509595,1519.6736478639639,1541.9705810546875,18171724
2025-11-21 00:00:00+05:30,1533.9078528560988,1550.6305827884978,1533.0119706260582,1539.4820556640625,9615271
2025-11-24 00:00:00+05:30,1542.8663816107544,1542.8663816107544,1524.7501927010492,1528.831298828125,18433951
2025-11-25 00:00:00+05:30,1528.8313312270848,1552.4222077972818,1518.0809876078647,1532.61376953125,15033482
2025-11-26 00:00:00+05:30,1535.2018536795324,1564.3669320995493,1533.4100892950657,1562.6748046875,14054299
2025-11-27 00:00:00+05:30,1567.7513003642512,1568.2489991897637,1548.8387449947777,1556.2047119140625,9794643
2025-11-28 00:00:00+05:30,1560.7835875199362,1574.0224254817672,1555.806599039324,1560.285888671875,8959508
2025-12-01 00:00:00+05:30,1567.7513979315313,1570.2398922139623,1556.403839701944,1558.892333984375,8920233
2025-12-02 00:00:00+05:30,1553.9152843475838,1560.2858537619331,1534.9032130787248,1539.1834716796875,11389150
2025-12-03 00:00:00+05:30,1538.0884656023031,1545.2554018922647,1525.9446623591427,1531.718017578125,6090883
2025-12-04 00:00:00+05:30,1528.9308982335338,1553.3181423785347,1510.6155558800758,1528.53271484375,11867930
2025-12-05 00:00:00+05:30,1523.356635808528,1538.685784402705,1513.6016899280953,1533.5096435546875,10183266
2025-12-08 00:00:00+05:30,1532.1161217020071,1543.861863398969,1527.9354998822807,1535.898681640625,11301491
2025-12-09 00:00:00+05:30,1533.211064854301,1535.4008911036892,1513.1039592099478,1522.3612060546875,11503971
2025-12-10 00:00:00+05:30,1526.9401045329791,1540.3779737710465,1524.3520947592017,1529.8267822265625,7991629
2025-12-11 00:00:00+05:30,1529.826707449835,1542.8663926602953,1516.9860531705099,1537.889404296875,4706197
2025-12-12 00:00:00+05:30,1543.6628294631555,1552.62140892391,1538.9843872841,1549.3365478515625,5106655
2025-12-15 00:00:00+05:30,1544.060853330096,1551.4268205626304,1539.3825327747268,1549.037841796875,5774543
2025-12-16 00:00:00+05:30,1537.8894294536826,1544.5585453663573,1531.7180123854912,1535.201904296875,11731856
2025-12-17 00:00:00+05:30,1542.8664391614582,1542.8664391614582,1532.2157323461342,1537.292236328125,7116649
2025-12-18 00:00:00+05:30,1528.1345045583196,1544.3595357154854,1528.1345045583196,1537.292236328125,6580829
2025-12-19 00:00:00+05:30,1547.2461442463334,1566.9549449740825,1543.8617679066683,1557.8968505859375,13937275
2025-12-22 00:00:00+05:30,1566.2582562309594,1570.2398469681211,1558.0960438231807,1568.1495361328125,10184852
2025-12-23 00:00:00+05:30,1573.6241984599117,1573.6241984599117,1560.8830596994947,1563.4710693359375,7506564
2025-12-24 00:00:00+05:30,1565.4619535362338,1568.448146711295,1546.4498812900458,1551.0286865234375,8815745
2025-12-26 00:00:00+05:30,1547.5447581940155,1553.8158123179846,1547.1466963201515,1552.0240478515625,2311495
2025-12-29 00:00:00+05:30,1547.7439417510202,1550.9291658570105,1536.495898892566,1538.4866943359375,5972105
2025-12-30 00:00:00+05:30,1539.8801935176687,1546.449793829553,1530.7225835687998,1532.71337890625,8815884
2025-12-31 00:00:00+05:30,1533.9078900841737,1569.7422080874378,1533.9078900841737,1563.172607421875,5771830
2026-01-01 00:00:00+05:30,1566.457230908256,1585.1707553042595,1563.8692213237453,1568.3485107421875,6408128
2026-01-02 00:00:00+05:30,1572.7283614795997,1587.2611435561273,1570.9365970213464,1584.9718017578125,6602230
2026-01-05 00:00:00+05:30,1585.6684856930358,1604.3820104615531,1568.049995566515,1570.8370361328125,8704973
2026-01-06 00:00:00+05:30,1561.77894010158,1561.77894010158,1489.4135782872731,1500.6614990234375,27417125
2026-01-07 00:00:00+05:30,1503.0504545946628,1513.004431115157,1491.1056827700695,1497.277099609375,11199340
2026-01-08 00:00:00+05:30,1493.0965028672745,1496.9785780764303,1462.040144211037,1463.831787109375,16518684
2026-01-09 00:00:00+05:30,1458.2576091430024,1473.0890589574892,1458.2576091430024,1468.51025390625,8335311
2026-01-12 00:00:00+05:30,1468.5102348906719,1478.4642116159973,1444.322022844729,1476.373779296875,8883745
2026-01-13 00:00:00+05:30,1478.165525590484,1478.9618923221497,1438.050951275772,1446.11376953125,13499760
2026-01-14 00:00:00+05:30,1437.3542473990606,1460.2483939989072,1433.5716876182923,1452.086181640625,8321764
2026-01-15 00:00:00+05:30,1452.086181640625,1452.086181640625,1452.086181640625,1452.086181640625,0
2026-01-16 00:00:00+05:30,1452.0861898343726,1473.1885721290346,1448.4031454989463,1451.1903076171875,17167161
2026-01-19 00:00:00+05:30,1443.9238298491432,1443.9238298491432,1396.8415931572963,1407.0941162109375,20392765
2026-01-20 00:00:00+05:30,1404.207443054835,1409.4830993039366,1383.6027599099377,1387.5843505859375,13189498
2026-01-21 00:00:00+05:30,1383.105138772638,1406.3974698374059,1366.681076311502,1398.1356201171875,17352720
2026-01-22 00:00:00+05:30,1403.610286379211,1412.9670491536458,1388.5798052619484,1396.0452880859375,15721693
2026-01-23 00:00:00+05:30,1395.348519642108,1400.5245389866304,1374.6441992470054,1379.720703125,9837802
2026-01-27 00:00:00+05:30,1373.6487855396595,1385.195374217857,1361.7040134914885,1374.146484375,26302396
2026-01-28 00:00:00+05:30,1378.6257466723232,1403.4111724845945,1378.526231208921,1390.2718505859375,11121657
2026-01-29 00:00:00+05:30,1396.4434009824272,1396.4434009824272,1377.6303609139109,1384.59814453125,20846683
2026-01-30 00:00:00+05:30,1376.236766748553,1391.5659148620384,1372.1556606847782,1388.9779052734375,11239835
2026-02-02 00:00:00+05:30,1333.8329085367304,1386.4894707948447,1329.35361891851,1384.0009765625,15711165
2026-02-03 00:00:00+05:30,1467.1166446366906,1482.6448239290096,1423.6176937150067,1430.4859619140625,25456171
2026-02-04 00:00:00+05:30,1437.3543194605445,1457.2622740237098,1433.6713964697635,1450.095458984375,8333387
2026-02-05 00:00:00+05:30,1450.2944646433757,1454.7737543419996,1432.8750047042822,1436.757080078125,11763658
2026-02-06 00:00:00+05:30,1434.865799564727,1446.113842295832,1426.9026178813986,1444.123046875,8277304
2026-02-09 00:00:00+05:30,1451.2898835062008,1459.153549837875,1446.3128948796364,1454.873291015625,5775864
2026-02-10 00:00:00+05:30,1464.2299462371711,1464.2299462371711,1445.5164217743147,1451.7874755859375,10259630
2026-02-11 00:00:00+05:30,1452.882456999606,1463.234617369774,1446.91007080626,1461.9405517578125,7106877
2026-02-12 00:00:00+05:30,1463.2345557130195,1466.2207486838624,1438.8473131178025,1442.231689453125,11135399
2026-02-13 00:00:00+05:30,1438.8473526451965,1444.0233720001163,1409.7817888672503,1413.0665283203125,10755693
2026-02-16 00:00:00+05:30,1413.564201587246,1432.9744560797708,1402.8139796964888,1430.4859619140625,5896514
2026-02-17 00:00:00+05:30,1424.5136248062843,1425.2104761017015,1412.0711535507119,1416.450927734375,10731630
2026-02-18 00:00:00+05:30,1420.4325123887006,1435.4629932986807,1412.6683617554224,1434.666748046875,5521096
2026-02-19 00:00:00+05:30,1436.3588845536149,1436.3588845536149,1393.5567833507007,1403.0130615234375,11884664
2026-02-20 00:00:00+05:30,1403.013091941889,1420.8307355027325,1399.6287153786739,1412.8675537109375,8177670
2026-02-23 00:00:00+05:30,1418.4416634695872,1428.2961245911818,1411.772547760535,1421.4278564453125,7758856
2026-02-24 00:00:00+05:30,1418.7403513100855,1426.7035326906043,1408.4877066792656,1422.2242431640625,12529409
2026-02-25 00:00:00+05:30,1428.395737725409,1433.8704252219175,1387.0867320699354,1392.063720703125,10728792
2026-02-26 00:00:00+05:30,1392.0637118415314,1406.397463315574,1385.4941111892442,1400.3255615234375,16683858
2026-02-27 00:00:00+05:30,1391.5659695052796,1403.9089251530934,1381.711508080472,1387.48486328125,12031440
2026-03-02 00:00:00+05:30,1369.1694587628867,1372.2551671563263,1335.3259388807069,1351.75,23728722
2026-03-04 00:00:00+05:30,1323.8789706886037,1346.5740873609554,1300.9848230751916,1338.8099365234375,32495007
2026-03-05 00:00:00+05:30,1346.8726294272453,1392.5614090361375,1346.8726294272453,1383.005615234375,25957532
2026-03-06 00:00:00+05:30,1390.0728674061675,1417.7449716586152,1383.9014503612218,1398.334716796875,19311971
2026-03-09 00:00:00+05:30,1368.6718029922313,1422.8214608086796,1363.6948146177142,1417.4462890625,24870822
2026-03-10 00:00:00+05:30,1424.015880450879,1424.9117626543534,1394.1539503917586,1402.3162841796875,18071259
2026-03-11 00:00:00+05:30,1418.34212900751,1427.4002232775151,1377.2321576556008,1383.8017578125,21848087
2026-03-12 00:00:00+05:30,1383.6027762448114,1404.4066120742223,1374.7437125844203,1385.7926025390625,20939959
2026-03-13 00:00:00+05:30,1378.8248707870416,1394.3531723993444,1372.0562392077015,1374.3455810546875,17265090
2026-03-16 00:00:00+05:30,1373.6488401657623,1390.8692691567512,1357.224777946389,1388.6793212890625,22837802
2026-03-17 00:00:00+05:30,1392.5613056143347,1399.429573667814,1381.8109624429321,1391.167724609375,19007744
2026-03-18 00:00:00+05:30,1390.7696473738063,1406.3974645008152,1390.7696473738063,1401.6195068359375,9559327
2026-03-19 00:00:00+05:30,1381.6119817895922,1409.1844489610974,1369.7667250791762,1378.4267578125,16498373
2026-03-20 00:00:00+05:30,1391.5659566755692,1423.4186824363833,1389.6746767818195,1407.8905029296875,22994918
2026-03-23 00:00:00+05:30,1393.5567722314413,1409.0849519631759,1384.598192981382,1401.3209228515625,18979554
2026-03-24 00:00:00+05:30,1413.4647025895886,1415.8536813182018,1400.1263494042955,1405.302490234375,18620893
2026-03-25 00:00:00+05:30,1413.464703831985,1423.9163794589117,1401.9181150601291,1406.596435546875,19041331
2026-03-27 00:00:00+05:30,1394.552193095842,1398.235116023098,1338.809921280448,1341.8956298828125,23266517
2026-03-30 00:00:00+05:30,1328.855902170806,1358.7178325566667,1327.960019957529,1337.7149658203125,24393861
2026-04-01 00:00:00+05:30,1377.8294025098971,1378.028554948465,1356.6275051009459,1362.8984375,14404619
2026-04-02 00:00:00+05:30,1350.7546307176451,1351.9490593116357,1321.8880984473344,1344.2845458984375,21280051
2026-04-06 00:00:00+05:30,1352.7454554606609,1352.7454554606609,1284.0630151171836,1298.6953125,29274881
2026-04-07 00:00:00+05:30,1289.040031502862,1302.2788696189978,1285.058440671965,1298.5958251953125,28388922
2026-04-08 00:00:00+05:30,1342.7914745147666,1344.3840865060406,1320.0963587364665,1341.5970458984375,21817543
2026-04-09 00:00:00+05:30,1339.8052690319548,1343.7868597274437,1320.195983460075,1323.87890625,20725390
2026-04-10 00:00:00+05:30,1330.8467605257397,1346.0763943468285,1325.3720730291864,1343.9859619140625,19364461
2026-04-13 00:00:00+05:30,1315.1193869938081,1321.4899565481755,1303.970981405046,1309.0474853515625,28753269
2026-04-15 00:00:00+05:30,1330.8467629297493,1340.8007402141902,1328.059600686701,1337.9140625,15313779
2026-04-16 00:00:00+05:30,1345.7777093601655,1347.5694738488123,1323.8789596516422,1337.1177978515625,30211012
2026-04-17 00:00:00+05:30,1333.832952366644,1362.1022720767137,1333.832952366644,1358.7178955078125,13869105
2026-04-20 00:00:00+05:30,1356.9261198573818,1366.6810660920328,1346.5740808024586,1357.0257568359375,13614733
2026-04-21 00:00:00+05:30,1352.7454957201878,1363.4958396538184,1343.8864317482064,1347.07177734375,27293629
2026-04-22 00:00:00+05:30,1344.085556855853,1359.7132520720183,1342.8910067161314,1355.8311767578125,9525953
2026-04-23 00:00:00+05:30,1339.8052948565,1349.261572940554,1334.529638479888,1337.21728515625,16385079
2026-04-24 00:00:00+05:30,1333.8328899956957,1339.7057606040942,1318.9019248091768,1321.6890869140625,11744802
2026-04-27 00:00:00+05:30,1306.9571155871217,1365.2873936261717,1304.9663202853897,1359.51416015625,24673098
2026-04-28 00:00:00+05:30,1351.7500009887617,1388.7787447541255,1350.75460334444,1382.5078125,41027699
2026-04-29 00:00:00+05:30,1385.5935377241706,1427.2012083655534,1384.896807968084,1418.83984375,30542143
2026-04-30 00:00:00+05:30,1402.5153692729207,1430.386505071105,1386.6885214286783,1424.215087890625,30957881
2026-05-01 00:00:00+05:30,1424.215087890625,1424.215087890625,1424.215087890625,1424.215087890625,0
2026-05-04 00:00:00+05:30,1426.8030702776819,1460.6465916696056,1426.8030702776819,1456.3663330078125,24035700
2026-05-05 00:00:00+05:30,1453.280606341501,1466.6189594959255,1443.3266295857375,1456.864013671875,23543341
2026-05-06 00:00:00+05:30,1456.2668061036345,1466.519450812893,1420.9301884572374,1431.2823486328125,14221786
2026-05-07 00:00:00+05:30,1432.1782190445704,1442.828925531327,1423.717338832762,1429.590087890625,19816903
2026-05-08 00:00:00+05:30,1419.4371163507371,1436.1598462687914,1410.9762359236815,1428.5947265625,8663105
2026-05-11 00:00:00+05:30,1413.4647305422184,1421.427912122738,1375.6396180347506,1381.81103515625,15261787
2026-05-12 00:00:00+05:30,1385.593546668805,1387.0866431630602,1354.0394893602804,1357.722412109375,24357500
2026-05-13 00:00:00+05:30,1355.1343963286624,1366.0837705701026,1346.1758174038478,1352.54638671875,13797989
2026-05-14 00:00:00+05:30,1358.9168476375535,1371.6579863902991,1352.148216400817,1355.5325927734375,17303059
2026-05-15 00:00:00+05:30,1350.5556491178086,1358.5188307246153,1323.082575367519,1330.24951171875,19976192
2026-05-18 00:00:00+05:30,1327.860551095503,1335.8237328112184,1312.6309174607939,1329.7518310546875,13022473
2026-05-19 00:00:00+05:30,1332.5387892026445,1337.8144453658963,1312.3322897558653,1316.6124267578125,21665501
2026-05-20 00:00:00+05:30,1312.6308349443716,1356.6274840630256,1306.558933569541,1353.442138671875,13248515
2026-05-21 00:00:00+05:30,1360.9076465750106,1364.590690861155,1339.0088978228712,1343.388671875,17150630
2026-05-22 00:00:00+05:30,1343.7868238683554,1361.106767233248,1342.8909416840763,1348.26611328125,7105813
2026-05-25 00:00:00+05:30,1360.5095872329855,1364.7897243191815,1350.7546414401118,1360.7086181640625,6750071
2026-05-26 00:00:00+05:30,1353.8404218493883,1362.2017870434288,1346.1759079681497,1350.0579833984375,13769747
2026-05-27 00:00:00+05:30,1346.7730400596713,1354.736221375619,1342.393266034199,1344.2845458984375,13215138
2026-05-28 00:00:00+05:30,1344.2845458984375,1344.2845458984375,1344.2845458984375,1344.2845458984375,0
2026-05-29 00:00:00+05:30,1357.7224546740495,1362.6994431442622,1310.9387630540493,1315.119384765625,42634247
2026-06-01 00:00:00+05:30,1326.3673976551404,1329.353590670499,1312.4318302501333,1313.9249267578125,10700603
2026-06-02 00:00:00+05:30,1301.6815361898255,1321.689127358814,1294.3156903458798,1308.5498046875,23302785
2026-06-03 00:00:00+05:30,1308.9480145168118,1317.906594083847,1295.0124463014238,1307.15625,20012293
2026-06-04 00:00:00+05:30,1295.0124259474096,1305.1654340270677,1287.1487597049047,1297.699951171875,23474327
2026-06-05 00:00:00+05:30,1304.5,1306.0,1288.0,1291.0,17785223
2026-06-08 00:00:00+05:30,1277.0,1282.5999755859375,1259.199951171875,1263.300048828125,16494759
2026-06-09 00:00:00+05:30,1269.0,1274.199951171875,1257.5,1269.199951171875,23620214
2026-06-10 00:00:00+05:30,1275.0,1300.5,1254.4000244140625,1258.800048828125,21012796
2026-06-11 00:00:00+05:30,1258.0,1276.0,1253.199951171875,1263.0,13117486
2026-06-12 00:00:00+05:30,1277.0,1297.0,1262.5,1293.0,11988785
2026-06-15 00:00:00+05:30,1315.300048828125,1325.0,1303.300048828125,1307.0,18633321
2026-06-16 00:00:00+05:30,1313.4000244140625,1333.4000244140625,1306.4000244140625,1328.800048828125,18513223
2026-06-17 00:00:00+05:30,1333.0,1334.0,1317.0,1332.699951171875,10029170
2026-06-18 00:00:00+05:30,1330.0,1333.9000244140625,1322.0,1328.0999755859375,15494549
2026-06-19 00:00:00+05:30,1328.0,1338.199951171875,1305.300048828125,1309.5,24887034
2026-06-22 00:00:00+05:30,1316.699951171875,1344.9000244140625,1314.0999755859375,1326.5,12931213
2026-06-23 00:00:00+05:30,1328.9000244140625,1333.0,1304.0,1309.5,15400184
2026-06-24 00:00:00+05:30,1305.699951171875,1322.0,1297.5,1313.5999755859375,11030917
2026-06-25 00:00:00+05:30,1318.0,1328.0,1314.5999755859375,1318.0999755859375,12694362
2026-06-26 00:00:00+05:30,1318.0999755859375,1318.0999755859375,1318.0999755859375,1318.0999755859375,0
2026-06-29 00:00:00+05:30,1308.0,1313.699951171875,1292.5999755859375,1301.0,13757656
2026-06-30 00:00:00+05:30,1306.9000244140625,1306.9000244140625,1290.0,1293.9000244140625,15695263
2026-07-01 00:00:00+05:30,1298.9000244140625,1312.199951171875,1296.5,1308.0,7001401
2026-07-02 00:00:00+05:30,1310.0,1313.199951171875,1299.0,1303.5,17795024
2026-07-03 00:00:00+05:30,1312.0,1312.0,1302.0,1304.0,7839550
2026-07-06 00:00:00+05:30,1304.0,1325.5999755859375,1299.4000244140625,1321.300048828125,7610709
2026-07-07 00:00:00+05:30,1323.5,1328.0,1304.0999755859375,1308.4000244140625,14335554
2026-07-08 00:00:00+05:30,1297.0,1302.300048828125,1271.5999755859375,1275.9000244140625,19960868
2026-07-09 00:00:00+05:30,1277.0999755859375,1296.5,1274.199951171875,1279.800048828125,14651963
2026-07-10 00:00:00+05:30,1291.9000244140625,1311.0999755859375,1287.800048828125,1307.800048828125,8412537
2026-07-13 00:00:00+05:30,1300.0,1306.4000244140625,1295.0,1296.9000244140625,9488352
2026-07-14 00:00:00+05:30,1290.0,1308.0,1286.9000244140625,1293.0,13511284
2026-07-15 00:00:00+05:30,1294.0999755859375,1310.9000244140625,1294.0999755859375,1295.5,9577965
2026-07-16 00:00:00+05:30,1295.5,1309.4000244140625,1291.800048828125,1296.5999755859375,15631046
2026-07-17 00:00:00+05:30,1300.0,1330.300048828125,1296.0999755859375,1327.199951171875,18302218
2026-07-20 00:00:00+05:30,1317.199951171875,1345.9000244140625,1314.9000244140625,1323.0999755859375,14305844
2026-07-21 00:00:00+05:30,1321.0,1326.9000244140625,1302.699951171875,1303.699951171875,12753410
2026-07-22 00:00:00+05:30,1302.0,1304.5999755859375,1280.699951171875,1288.5999755859375,10840383
2026-07-23 00:00:00+05:30,1283.0,1287.300048828125,1268.0,1272.199951171875,12580741
2026-07-24 00:00:00+05:30,1265.0,1283.4000244140625,1249.800048828125,1278.0,9817000
2026-07-27 00:00:00+05:30,1288.199951171875,1288.699951171875,1278.0,1280.0,7163132
2026-07-28 00:00:00+05:30,1275.0,1279.199951171875,1265.9000244140625,1267.699951171875,9312184
2026-07-29 00:00:00+05:30,1275.0,1282.4000244140625,1268.699951171875,1275.9000244140625,9448307
2026-07-30 00:00:00+05:30,1279.800048828125,1297.0,1275.300048828125,1292.9000244140625,12158451
2026-07-31 00:00:00+05:30,1295.0,1309.699951171875,1293.5999755859375,1307.800048828125,8624996
2026-08-03 00:00:00+05:30,1315.199951171875,1319.0,1306.0,1319.0,7508023
2026-08-04 00:00:00+05:30,1315.0,1315.0,1286.4000244140625,1290.9000244140625,10759546
2026-08-05 00:00:00+05:30,1293.0,1299.0,1270.0999755859375,1280.0,24820782
2026-08-06 00:00:00+05:30,1285.0,1325.199951171875,1281.199951171875,1325.0,20342297
2026-08-07 00:00:00+05:30,1320.0,1337.0,1316.5999755859375,1334.800048828125,9885638
2026-08-10 00:00:00+05:30,1330.0999755859375,1332.9000244140625,1321.300048828125,1327.300048828125,8207102
2026-08-11 00:00:00+05:30,1326.5999755859375,1328.699951171875,1314.0999755859375,1323.9000244140625,9953124
2026-08-12 00:00:00+05:30,1323.9000244140625,1329.0,1309.199951171875,1329.0,7901012
2026-08-13 00:00:00+05:30,1327.800048828125,1327.800048828125,1307.199951171875,1317.0,9397301
2026-08-14 00:00:00+05:30,1317.0,1317.5,1301.5,1310.0,10497358
2026-08-17 00:00:00+05:30,1314.0,1320.800048828125,1298.0999755859375,1316.0,13383867
2026-08-18 00:00:00+05:30,1314.0,1328.5999755859375,1311.199951171875,1322.0,10180567
2026-08-19 00:00:00+05:30,1320.300048828125,1321.5999755859375,1303.5,1311.0,7489365
2026-08-20 00:00:00+05:30,1315.5,1316.5,1307.0,1313.199951171875,5546227
2026-08-21 00:00:00+05:30,1314.0,1316.0,1308.0,1316.0,5434871
2026-08-24 00:00:00+05:30,1316.5999755859375,1320.0,1302.4000244140625,1309.800048828125,7277167
2026-08-25 00:00:00+05:30,1304.300048828125,1317.0999755859375,1300.0,1317.0,7115355
2026-08-26 00:00:00+05:30,1310.0,1315.5999755859375,1298.0,1298.0,5744474
2026-08-27 00:00:00+05:30,1305.0,1308.4000244140625,1282.199951171875,1282.199951171875,11271497
2026-08-28 00:00:00+05:30,1284.9000244140625,1291.800048828125,1280.0,1287.0,6830228
2026-08-31 00:00:00+05:30,1278.699951171875,1297.5999755859375,1271.0,1277.0,34871137
2026-09-01 00:00:00+05:30,1285.0,1311.800048828125,1280.0,1309.0,12617528
2026-09-02 00:00:00+05:30,1298.0,1321.9000244140625,1293.0999755859375,1313.0999755859375,13497841
2026-09-03 00:00:00+05:30,1313.0999755859375,1316.800048828125,1302.5,1302.5,9721454
2026-09-04 00:00:00+05:30,1304.0999755859375,1333.0,1304.0999755859375,1322.0,13031534
2026-09-07 00:00:00+05:30,1323.0999755859375,1324.199951171875,1301.9000244140625,1309.5,10210522
2026-09-08 00:00:00+05:30,1304.0999755859375,1306.800048828125,1288.0,1294.9000244140625,9799528
2026-09-09 00:00:00+05:30,1283.5,1294.699951171875,1277.199951171875,1279.0,12152819
2026-09-10 00:00:00+05:30,1278.5,1285.300048828125,1266.300048828125,1274.0,9296079
2026-09-11 00:00:00+05:30,1267.0,1267.4000244140625,1253.0,1257.5,8777736
2026-09-14 00:00:00+05:30,1257.5,1257.5,1257.5,1257.5,0
2026-09-15 00:00:00+05:30,1252.5,1259.4000244140625,1235.300048828125,1235.300048828125,13754376
2026-09-16 00:00:00+05:30,1243.0,1255.0,1240.0,1240.0,10023997
2026-09-17 00:00:00+05:30,1244.800048828125,1253.4000244140625,1238.5,1243.9000244140625,7752895
2026-09-18 00:00:00+05:30,1245.0,1247.300048828125,1226.4000244140625,1226.4000244140625,15122715
